loss,grad_norm,learning_rate,epoch,step,eval_loss,eval_accuracy,eval_precision,eval_recall,eval_f1,eval_runtime,eval_samples_per_second,eval_steps_per_second,train_runtime,train_samples_per_second,train_steps_per_second,total_flos,train_loss
0.5902,5.93935489654541,3e-05,0.04,100,,,,,,,,,,,,,
0.3585,11.647538185119629,1e-05,0.08,200,,,,,,,,,,,,,
,,,0.1,250,0.36960628628730774,0.8834,0.8760265936644506,0.8938547486033519,0.8848508789255383,810.8538,6.166,0.771,,,,,
,,,0.1,250,,,,,,,,,3597.3472,0.556,0.069,263111055360000.0,0.4495700759887695
,,,0.1,250,0.36960628628730774,0.8834,0.8760265936644506,0.8938547486033519,0.8848508789255383,806.2586,6.201,0.775,,,,,
,,,0.1,250,0.3542449176311493,0.88636,0.8711859196064868,0.9068,0.8886362745482341,4855.3736,5.149,0.644,,,,,
